<?xml version="1.0" encoding="UTF-8"?>
<GenRun Id="synth_1" LaunchPart="xc7z007sclg400-1" LaunchTime="1606716500">
  <File Type="PA-TCL" Name="narrator.tcl"/>
  <File Type="REPORTS-TCL" Name="narrator_reports.tcl"/>
  <File Type="RDS-RDS" Name="narrator.vds"/>
  <File Type="RDS-UTIL" Name="narrator_utilization_synth.rpt"/>
  <File Type="RDS-UTIL-PB" Name="narrator_utilization_synth.pb"/>
  <File Type="RDS-DCP" Name="narrator.dcp"/>
  <FileSet Name="sources" Type="DesignSrcs" RelSrcDir="$PSRCDIR/sources_1">
    <Filter Type="Srcs"/>
    <File Path="$PSRCDIR/sources_1/imports/ee178_lab6/chatter.v">
      <FileInfo>
        <Attr Name="ImportPath" Val="$PPRDIR/../../../../../../../../OneDrive/Documents/Xilinx/EE_178/Lab8_Jonathan_Austin.xpr/Lab6_Jad_Abed/Lab6_Jad_Abed.srcs/sources_1/imports/ee178_lab6/chatter.v"/>
        <Attr Name="ImportTime" Val="1606554210"/>
        <Attr Name="UsedIn" Val="synthesis"/>
        <Attr Name="UsedIn" Val="implementation"/>
        <Attr Name="UsedIn" Val="simulation"/>
      </FileInfo>
    </File>
    <File Path="$PSRCDIR/sources_1/imports/ee178_lab6/dac.v">
      <FileInfo>
        <Attr Name="ImportPath" Val="$PPRDIR/../../../../../../../../OneDrive/Documents/Xilinx/EE_178/Lab8_Jonathan_Austin.xpr/Lab6_Jad_Abed/Lab6_Jad_Abed.srcs/sources_1/imports/ee178_lab6/dac.v"/>
        <Attr Name="ImportTime" Val="1606554934"/>
        <Attr Name="UsedIn" Val="synthesis"/>
        <Attr Name="UsedIn" Val="implementation"/>
        <Attr Name="UsedIn" Val="simulation"/>
      </FileInfo>
    </File>
    <File Path="$PSRCDIR/sources_1/imports/ee178_lab6/fsm.v">
      <FileInfo>
        <Attr Name="ImportPath" Val="$PPRDIR/../../../../../../../../OneDrive/Documents/Xilinx/EE_178/Lab8_Jonathan_Austin.xpr/Lab6_Jad_Abed/Lab6_Jad_Abed.srcs/sources_1/imports/ee178_lab6/fsm.v"/>
        <Attr Name="ImportTime" Val="1606553354"/>
        <Attr Name="UsedIn" Val="synthesis"/>
        <Attr Name="UsedIn" Val="implementation"/>
        <Attr Name="UsedIn" Val="simulation"/>
      </FileInfo>
    </File>
    <File Path="$PSRCDIR/sources_1/imports/ee178_lab6/narrator.v">
      <FileInfo>
        <Attr Name="ImportPath" Val="$PPRDIR/../../../../../../../../OneDrive/Documents/Xilinx/EE_178/Lab8_Jonathan_Austin.xpr/Lab6_Jad_Abed/Lab6_Jad_Abed.srcs/sources_1/imports/ee178_lab6/narrator.v"/>
        <Attr Name="ImportTime" Val="1606559926"/>
        <Attr Name="UsedIn" Val="synthesis"/>
        <Attr Name="UsedIn" Val="implementation"/>
        <Attr Name="UsedIn" Val="simulation"/>
      </FileInfo>
    </File>
    <File Path="$PSRCDIR/sources_1/imports/Lab6/phonemes.coe">
      <FileInfo>
        <Attr Name="ImportPath" Val="$PPRDIR/../../../../../../../../OneDrive/Documents/Xilinx/EE_178/Lab6/phonemes.coe"/>
        <Attr Name="ImportTime" Val="1396247618"/>
        <Attr Name="UsedIn" Val="synthesis"/>
        <Attr Name="UsedIn" Val="simulation"/>
      </FileInfo>
    </File>
    <Config>
      <Option Name="DesignMode" Val="RTL"/>
      <Option Name="TopModule" Val="narrator"/>
      <Option Name="TopAutoSet" Val="TRUE"/>
    </Config>
  </FileSet>
  <FileSet Name="constrs_in" Type="Constrs" RelSrcDir="$PSRCDIR/constrs_1">
    <Filter Type="Constrs"/>
    <File Path="$PSRCDIR/constrs_1/imports/ee178_lab6/narrator.xdc">
      <FileInfo>
        <Attr Name="ImportPath" Val="$PPRDIR/../../../../../../../../OneDrive/Documents/Xilinx/EE_178/Lab8_Jonathan_Austin.xpr/Lab6_Jad_Abed/Lab6_Jad_Abed.srcs/constrs_1/imports/ee178_lab6/narrator.xdc"/>
        <Attr Name="ImportTime" Val="1606556808"/>
        <Attr Name="UsedIn" Val="synthesis"/>
        <Attr Name="UsedIn" Val="implementation"/>
      </FileInfo>
    </File>
    <Config>
      <Option Name="ConstrsType" Val="XDC"/>
    </Config>
  </FileSet>
  <FileSet Name="utils" Type="Utils" RelSrcDir="$PSRCDIR/utils_1">
    <Filter Type="Utils"/>
    <Config>
      <Option Name="TopAutoSet" Val="TRUE"/>
    </Config>
  </FileSet>
  <Strategy Version="1" Minor="2">
    <StratHandle Name="Vivado Synthesis Defaults" Flow="Vivado Synthesis 2020"/>
    <Step Id="synth_design"/>
  </Strategy>
  <BlockFileSet Type="BlockSrcs" Name="phonemes"/>
</GenRun>
