<?xml version="1.0" encoding="UTF-8"?>
<GenRun Id="impl_1" LaunchPart="xc7z007sclg400-1" LaunchTime="1606716500">
  <File Type="ROUTE-PWR" Name="narrator_power_routed.rpt"/>
  <File Type="PA-TCL" Name="narrator.tcl"/>
  <File Type="ROUTE-PWR-SUM" Name="narrator_power_summary_routed.pb"/>
  <File Type="REPORTS-TCL" Name="narrator_reports.tcl"/>
  <File Type="BITSTR-MSK" Name="narrator.msk"/>
  <File Type="ROUTE-CLK" Name="narrator_clock_utilization_routed.rpt"/>
  <File Type="RDI-RDI" Name="narrator.vdi"/>
  <File Type="BG-BIT" Name="narrator.bit"/>
  <File Type="BG-DRC" Name="narrator.drc"/>
  <File Type="BG-BGN" Name="narrator.bgn"/>
  <File Type="BG-BIN" Name="narrator.bin"/>
  <File Type="BITSTR-RBT" Name="narrator.rbt"/>
  <File Type="BITSTR-NKY" Name="narrator.nky"/>
  <File Type="BITSTR-BMM" Name="narrator_bd.bmm"/>
  <File Type="ROUTE-METHODOLOGY-DRC" Name="narrator_methodology_drc_routed.rpt"/>
  <File Type="BITSTR-MMI" Name="narrator.mmi"/>
  <File Type="BITSTR-SYSDEF" Name="narrator.sysdef"/>
  <File Type="BITSTR-LTX" Name="debug_nets.ltx"/>
  <File Type="BITSTR-LTX" Name="narrator.ltx"/>
  <File Type="WBT-USG" Name="usage_statistics_webtalk.html"/>
  <File Type="OPT-DRC" Name="narrator_drc_opted.rpt"/>
  <File Type="OPT-HWDEF" Name="narrator.hwdef"/>
  <File Type="PLACE-IO" Name="narrator_io_placed.rpt"/>
  <File Type="PLACE-UTIL" Name="narrator_utilization_placed.rpt"/>
  <File Type="PLACE-UTIL-PB" Name="narrator_utilization_placed.pb"/>
  <File Type="PLACE-CTRL" Name="narrator_control_sets_placed.rpt"/>
  <File Type="PLACE-PRE-SIMILARITY" Name="narrator_incremental_reuse_pre_placed.rpt"/>
  <File Type="ROUTE-DRC" Name="narrator_drc_routed.rpt"/>
  <File Type="ROUTE-DRC-PB" Name="narrator_drc_routed.pb"/>
  <File Type="ROUTE-PWR-RPX" Name="narrator_power_routed.rpx"/>
  <File Type="ROUTE-STATUS" Name="narrator_route_status.rpt"/>
  <File Type="ROUTE-STATUS-PB" Name="narrator_route_status.pb"/>
  <File Type="ROUTE-DCP" Name="narrator_routed.dcp"/>
  <File Type="ROUTE-ERROR-DCP" Name="narrator_routed_error.dcp"/>
  <File Type="ROUTE-BLACKBOX-DCP" Name="narrator_routed_bb.dcp"/>
  <File Type="ROUTE-TIMINGSUMMARY" Name="narrator_timing_summary_routed.rpt"/>
  <File Type="ROUTE-TIMING-PB" Name="narrator_timing_summary_routed.pb"/>
  <File Type="ROUTE-TIMING-RPX" Name="narrator_timing_summary_routed.rpx"/>
  <File Type="ROUTE-BUS-SKEW" Name="narrator_bus_skew_routed.rpt"/>
  <File Type="ROUTE-BUS-SKEW-PB" Name="narrator_bus_skew_routed.pb"/>
  <File Type="ROUTE-BUS-SKEW-RPX" Name="narrator_bus_skew_routed.rpx"/>
  <File Type="OPT-DCP" Name="narrator_opt.dcp"/>
  <File Type="PLACE-DCP" Name="narrator_placed.dcp"/>
  <File Type="PWROPT-DCP" Name="narrator_pwropt.dcp"/>
  <File Type="POSTPLACE-PWROPT-DCP" Name="narrator_postplace_pwropt.dcp"/>
  <File Type="PHYSOPT-DCP" Name="narrator_physopt.dcp"/>
  <File Type="POSTROUTE-PHYSOPT-DCP" Name="narrator_postroute_physopt.dcp"/>
  <File Type="POSTROUTE-PHYSOPT-BLACKBOX-DCP" Name="narrator_postroute_physopt_bb.dcp"/>
  <File Type="ROUTE-METHODOLOGY-DRC-PB" Name="narrator_methodology_drc_routed.pb"/>
  <File Type="ROUTE-DRC-RPX" Name="narrator_drc_routed.rpx"/>
  <File Type="ROUTE-METHODOLOGY-DRC-RPX" Name="narrator_methodology_drc_routed.rpx"/>
  <File Type="PDI-FILE" Name="narrator.pdi"/>
  <File Type="RCFI_FILE" Name="narrator.rcfi"/>
  <File Type="CFI_FILE" Name="narrator.cfi"/>
  <File Type="RNPI_FILE" Name="narrator.rnpi"/>
  <File Type="NPI_FILE" Name="narrator.npi"/>
  <File Type="RBD_FILE" Name="narrator.rbd"/>
  <FileSet Name="sources" Type="DesignSrcs" RelSrcDir="$PSRCDIR/sources_1">
    <Filter Type="Srcs"/>
    <File Path="$PSRCDIR/sources_1/imports/ee178_lab6/chatter.v">
      <FileInfo>
        <Attr Name="ImportPath" Val="$PPRDIR/../../../../../../../../OneDrive/Documents/Xilinx/EE_178/Lab8_Jonathan_Austin.xpr/Lab6_Jad_Abed/Lab6_Jad_Abed.srcs/sources_1/imports/ee178_lab6/chatter.v"/>
        <Attr Name="ImportTime" Val="1606554210"/>
        <Attr Name="UsedIn" Val="synthesis"/>
        <Attr Name="UsedIn" Val="implementation"/>
        <Attr Name="UsedIn" Val="simulation"/>
      </FileInfo>
    </File>
    <File Path="$PSRCDIR/sources_1/imports/ee178_lab6/dac.v">
      <FileInfo>
        <Attr Name="ImportPath" Val="$PPRDIR/../../../../../../../../OneDrive/Documents/Xilinx/EE_178/Lab8_Jonathan_Austin.xpr/Lab6_Jad_Abed/Lab6_Jad_Abed.srcs/sources_1/imports/ee178_lab6/dac.v"/>
        <Attr Name="ImportTime" Val="1606554934"/>
        <Attr Name="UsedIn" Val="synthesis"/>
        <Attr Name="UsedIn" Val="implementation"/>
        <Attr Name="UsedIn" Val="simulation"/>
      </FileInfo>
    </File>
    <File Path="$PSRCDIR/sources_1/imports/ee178_lab6/fsm.v">
      <FileInfo>
        <Attr Name="ImportPath" Val="$PPRDIR/../../../../../../../../OneDrive/Documents/Xilinx/EE_178/Lab8_Jonathan_Austin.xpr/Lab6_Jad_Abed/Lab6_Jad_Abed.srcs/sources_1/imports/ee178_lab6/fsm.v"/>
        <Attr Name="ImportTime" Val="1606553354"/>
        <Attr Name="UsedIn" Val="synthesis"/>
        <Attr Name="UsedIn" Val="implementation"/>
        <Attr Name="UsedIn" Val="simulation"/>
      </FileInfo>
    </File>
    <File Path="$PSRCDIR/sources_1/imports/ee178_lab6/narrator.v">
      <FileInfo>
        <Attr Name="ImportPath" Val="$PPRDIR/../../../../../../../../OneDrive/Documents/Xilinx/EE_178/Lab8_Jonathan_Austin.xpr/Lab6_Jad_Abed/Lab6_Jad_Abed.srcs/sources_1/imports/ee178_lab6/narrator.v"/>
        <Attr Name="ImportTime" Val="1606559926"/>
        <Attr Name="UsedIn" Val="synthesis"/>
        <Attr Name="UsedIn" Val="implementation"/>
        <Attr Name="UsedIn" Val="simulation"/>
      </FileInfo>
    </File>
    <File Path="$PSRCDIR/sources_1/imports/Lab6/phonemes.coe">
      <FileInfo>
        <Attr Name="ImportPath" Val="$PPRDIR/../../../../../../../../OneDrive/Documents/Xilinx/EE_178/Lab6/phonemes.coe"/>
        <Attr Name="ImportTime" Val="1396247618"/>
        <Attr Name="UsedIn" Val="synthesis"/>
        <Attr Name="UsedIn" Val="simulation"/>
      </FileInfo>
    </File>
    <Config>
      <Option Name="DesignMode" Val="RTL"/>
      <Option Name="TopModule" Val="narrator"/>
      <Option Name="TopAutoSet" Val="TRUE"/>
    </Config>
  </FileSet>
  <FileSet Name="constrs_in" Type="Constrs" RelSrcDir="$PSRCDIR/constrs_1">
    <Filter Type="Constrs"/>
    <File Path="$PSRCDIR/constrs_1/imports/ee178_lab6/narrator.xdc">
      <FileInfo>
        <Attr Name="ImportPath" Val="$PPRDIR/../../../../../../../../OneDrive/Documents/Xilinx/EE_178/Lab8_Jonathan_Austin.xpr/Lab6_Jad_Abed/Lab6_Jad_Abed.srcs/constrs_1/imports/ee178_lab6/narrator.xdc"/>
        <Attr Name="ImportTime" Val="1606556808"/>
        <Attr Name="UsedIn" Val="synthesis"/>
        <Attr Name="UsedIn" Val="implementation"/>
      </FileInfo>
    </File>
    <Config>
      <Option Name="ConstrsType" Val="XDC"/>
    </Config>
  </FileSet>
  <FileSet Name="utils" Type="Utils" RelSrcDir="$PSRCDIR/utils_1">
    <Filter Type="Utils"/>
    <Config>
      <Option Name="TopAutoSet" Val="TRUE"/>
    </Config>
  </FileSet>
  <Strategy Version="1" Minor="2">
    <StratHandle Name="Vivado Implementation Defaults" Flow="Vivado Implementation 2020"/>
    <Step Id="init_design"/>
    <Step Id="opt_design"/>
    <Step Id="power_opt_design"/>
    <Step Id="place_design"/>
    <Step Id="post_place_power_opt_design"/>
    <Step Id="phys_opt_design"/>
    <Step Id="route_design"/>
    <Step Id="post_route_phys_opt_design"/>
    <Step Id="write_bitstream"/>
    <Step Id="write_device_image"/>
  </Strategy>
  <BlockFileSet Type="BlockSrcs" Name="phonemes"/>
</GenRun>
